1000000,JenniferDoofenshmirtz,DoofenshmirtzJennifer,student,Jennifer,Doofenshmirtz,JenniferDoofenshmirtz@g.clemson.edu
1000001,GeorgeTodd,ToddGeorge,student,George,Todd,GeorgeTodd@g.clemson.edu
1000002,GinaAdams,AdamsGina,admin,Gina,Adams,GinaAdams@g.clemson.edu
1000003,ChrisWillis,WillisChris,student,Chris,Willis,ChrisWillis@g.clemson.edu
1000004,BillSmith,SmithBill,student,Bill,Smith,BillSmith@g.clemson.edu
1000005,BobDoofenshmirtz,DoofenshmirtzBob,manager,Bob,Doofenshmirtz,BobDoofenshmirtz@g.clemson.edu
1000006,JillTodd,ToddJill,student,Jill,Todd,JillTodd@g.clemson.edu
1000007,CarolineVasquez,VasquezCaroline,student,Caroline,Vasquez,CarolineVasquez@g.clemson.edu
1000008,JillGreen,GreenJill,admin,Jill,Green,JillGreen@g.clemson.edu
1000009,CarolineDoofenshmirtz,DoofenshmirtzCaroline,student,Caroline,Doofenshmirtz,CarolineDoofenshmirtz@g.clemson.edu
1000010,JenniferDoofenshmirtz,DoofenshmirtzJennifer,student,Jennifer,Doofenshmirtz,JenniferDoofenshmirtz@g.clemson.edu
1000011,JenniferDoofenshmirtz,DoofenshmirtzJennifer,student,Jennifer,Doofenshmirtz,JenniferDoofenshmirtz@g.clemson.edu
1000012,GeorgeGreen,GreenGeorge,student,George,Green,GeorgeGreen@g.clemson.edu
1000013,GeorgeDoofenshmirtz,DoofenshmirtzGeorge,student,George,Doofenshmirtz,GeorgeDoofenshmirtz@g.clemson.edu
1000014,TomHill,HillTom,student,Tom,Hill,TomHill@g.clemson.edu
1000015,CarolineTodd,ToddCaroline,student,Caroline,Todd,CarolineTodd@g.clemson.edu
1000016,CarolineSmith,SmithCaroline,manager,Caroline,Smith,CarolineSmith@g.clemson.edu
1000017,TomAdams,AdamsTom,student,Tom,Adams,TomAdams@g.clemson.edu
1000018,GinaWillis,WillisGina,student,Gina,Willis,GinaWillis@g.clemson.edu
1000019,GinaTodd,ToddGina,student,Gina,Todd,GinaTodd@g.clemson.edu
1000020,GeorgeTodd,ToddGeorge,student,George,Todd,GeorgeTodd@g.clemson.edu
1000021,BillVasquez,VasquezBill,student,Bill,Vasquez,BillVasquez@g.clemson.edu
1000022,GinaWillis,WillisGina,admin,Gina,Willis,GinaWillis@g.clemson.edu
1000023,BillVasquez,VasquezBill,student,Bill,Vasquez,BillVasquez@g.clemson.edu
1000024,BobVasquez,VasquezBob,student,Bob,Vasquez,BobVasquez@g.clemson.edu
1000025,BillVasquez,VasquezBill,manager,Bill,Vasquez,BillVasquez@g.clemson.edu
1000026,CarolineSmith,SmithCaroline,student,Caroline,Smith,CarolineSmith@g.clemson.edu
1000027,GeorgeTodd,ToddGeorge,manager,George,Todd,GeorgeTodd@g.clemson.edu
1000028,RachelHill,HillRachel,student,Rachel,Hill,RachelHill@g.clemson.edu
1000029,JillDoofenshmirtz,DoofenshmirtzJill,student,Jill,Doofenshmirtz,JillDoofenshmirtz@g.clemson.edu
1000030,BobGreen,GreenBob,manager,Bob,Green,BobGreen@g.clemson.edu
1000031,GeorgeDoofenshmirtz,DoofenshmirtzGeorge,student,George,Doofenshmirtz,GeorgeDoofenshmirtz@g.clemson.edu
1000032,JillSmith,SmithJill,admin,Jill,Smith,JillSmith@g.clemson.edu
1000033,BobVasquez,VasquezBob,student,Bob,Vasquez,BobVasquez@g.clemson.edu
1000034,TomTodd,ToddTom,student,Tom,Todd,TomTodd@g.clemson.edu
1000035,BillAdams,AdamsBill,student,Bill,Adams,BillAdams@g.clemson.edu
1000036,GinaHill,HillGina,student,Gina,Hill,GinaHill@g.clemson.edu
1000037,CarolineTodd,ToddCaroline,student,Caroline,Todd,CarolineTodd@g.clemson.edu
1000038,JillGreen,GreenJill,student,Jill,Green,JillGreen@g.clemson.edu
1000039,RachelHill,HillRachel,student,Rachel,Hill,RachelHill@g.clemson.edu
1000040,ChrisWillis,WillisChris,admin,Chris,Willis,ChrisWillis@g.clemson.edu
1000041,RachelDoofenshmirtz,DoofenshmirtzRachel,student,Rachel,Doofenshmirtz,RachelDoofenshmirtz@g.clemson.edu
1000042,RachelSmith,SmithRachel,manager,Rachel,Smith,RachelSmith@g.clemson.edu
1000043,ChrisWillis,WillisChris,student,Chris,Willis,ChrisWillis@g.clemson.edu
1000044,BobAdams,AdamsBob,admin,Bob,Adams,BobAdams@g.clemson.edu
1000045,BobVasquez,VasquezBob,student,Bob,Vasquez,BobVasquez@g.clemson.edu
1000046,JillTodd,ToddJill,manager,Jill,Todd,JillTodd@g.clemson.edu
1000047,CarolineAdams,AdamsCaroline,student,Caroline,Adams,CarolineAdams@g.clemson.edu
1000048,GinaWillis,WillisGina,student,Gina,Willis,GinaWillis@g.clemson.edu
1000049,RachelWillis,WillisRachel,manager,Rachel,Willis,RachelWillis@g.clemson.edu
1000050,GeorgeVasquez,VasquezGeorge,student,George,Vasquez,GeorgeVasquez@g.clemson.edu
1000051,GeorgeSmith,SmithGeorge,student,George,Smith,GeorgeSmith@g.clemson.edu
1000052,GinaVasquez,VasquezGina,student,Gina,Vasquez,GinaVasquez@g.clemson.edu
1000053,RachelWillis,WillisRachel,student,Rachel,Willis,RachelWillis@g.clemson.edu
1000054,BobWillis,WillisBob,manager,Bob,Willis,BobWillis@g.clemson.edu
1000055,BobWillis,WillisBob,student,Bob,Willis,BobWillis@g.clemson.edu
1000056,BillTodd,ToddBill,student,Bill,Todd,BillTodd@g.clemson.edu
1000057,JenniferHill,HillJennifer,manager,Jennifer,Hill,JenniferHill@g.clemson.edu
1000058,JillGreen,GreenJill,manager,Jill,Green,JillGreen@g.clemson.edu
1000059,GeorgeDoofenshmirtz,DoofenshmirtzGeorge,student,George,Doofenshmirtz,GeorgeDoofenshmirtz@g.clemson.edu
1000060,BobWillis,WillisBob,manager,Bob,Willis,BobWillis@g.clemson.edu
1000061,CarolineGreen,GreenCaroline,student,Caroline,Green,CarolineGreen@g.clemson.edu
1000062,CarolineWillis,WillisCaroline,student,Caroline,Willis,CarolineWillis@g.clemson.edu
1000063,JillSmith,SmithJill,student,Jill,Smith,JillSmith@g.clemson.edu
1000064,ChrisGreen,GreenChris,manager,Chris,Green,ChrisGreen@g.clemson.edu
1000065,GeorgeAdams,AdamsGeorge,student,George,Adams,GeorgeAdams@g.clemson.edu
1000066,JillAdams,AdamsJill,student,Jill,Adams,JillAdams@g.clemson.edu
1000067,RachelHill,HillRachel,student,Rachel,Hill,RachelHill@g.clemson.edu
1000068,BobSmith,SmithBob,manager,Bob,Smith,BobSmith@g.clemson.edu
1000069,BillDoofenshmirtz,DoofenshmirtzBill,manager,Bill,Doofenshmirtz,BillDoofenshmirtz@g.clemson.edu
1000070,GinaTodd,ToddGina,student,Gina,Todd,GinaTodd@g.clemson.edu
1000071,JillSmith,SmithJill,student,Jill,Smith,JillSmith@g.clemson.edu
1000072,RachelDoofenshmirtz,DoofenshmirtzRachel,student,Rachel,Doofenshmirtz,RachelDoofenshmirtz@g.clemson.edu
1000073,BillAdams,AdamsBill,admin,Bill,Adams,BillAdams@g.clemson.edu
1000074,TomWillis,WillisTom,student,Tom,Willis,TomWillis@g.clemson.edu
1000075,ChrisTodd,ToddChris,manager,Chris,Todd,ChrisTodd@g.clemson.edu
1000076,JillWillis,WillisJill,student,Jill,Willis,JillWillis@g.clemson.edu
1000077,CarolineSmith,SmithCaroline,manager,Caroline,Smith,CarolineSmith@g.clemson.edu
1000078,ChrisAdams,AdamsChris,student,Chris,Adams,ChrisAdams@g.clemson.edu
1000079,ChrisSmith,SmithChris,student,Chris,Smith,ChrisSmith@g.clemson.edu
1000080,RachelGreen,GreenRachel,student,Rachel,Green,RachelGreen@g.clemson.edu
1000081,RachelWillis,WillisRachel,student,Rachel,Willis,RachelWillis@g.clemson.edu
1000082,JenniferGreen,GreenJennifer,student,Jennifer,Green,JenniferGreen@g.clemson.edu
1000083,TomHill,HillTom,student,Tom,Hill,TomHill@g.clemson.edu
1000084,BobDoofenshmirtz,DoofenshmirtzBob,manager,Bob,Doofenshmirtz,BobDoofenshmirtz@g.clemson.edu
1000085,BobHill,HillBob,student,Bob,Hill,BobHill@g.clemson.edu
1000086,JenniferWillis,WillisJennifer,student,Jennifer,Willis,JenniferWillis@g.clemson.edu
1000087,ChrisHill,HillChris,manager,Chris,Hill,ChrisHill@g.clemson.edu
1000088,ChrisWillis,WillisChris,student,Chris,Willis,ChrisWillis@g.clemson.edu
1000089,TomWillis,WillisTom,student,Tom,Willis,TomWillis@g.clemson.edu
1000090,ChrisDoofenshmirtz,DoofenshmirtzChris,admin,Chris,Doofenshmirtz,ChrisDoofenshmirtz@g.clemson.edu
1000091,JenniferHill,HillJennifer,student,Jennifer,Hill,JenniferHill@g.clemson.edu
1000092,BobVasquez,VasquezBob,manager,Bob,Vasquez,BobVasquez@g.clemson.edu
1000093,BillHill,HillBill,manager,Bill,Hill,BillHill@g.clemson.edu
1000094,GeorgeHill,HillGeorge,student,George,Hill,GeorgeHill@g.clemson.edu
1000095,TomGreen,GreenTom,admin,Tom,Green,TomGreen@g.clemson.edu
1000096,CarolineWillis,WillisCaroline,student,Caroline,Willis,CarolineWillis@g.clemson.edu
1000097,JillHill,HillJill,student,Jill,Hill,JillHill@g.clemson.edu
1000098,JenniferSmith,SmithJennifer,student,Jennifer,Smith,JenniferSmith@g.clemson.edu
1000099,BobGreen,GreenBob,manager,Bob,Green,BobGreen@g.clemson.edu
1000100,BillTodd,ToddBill,manager,Bill,Todd,BillTodd@g.clemson.edu
1000101,BillVasquez,VasquezBill,student,Bill,Vasquez,BillVasquez@g.clemson.edu
1000102,ChrisHill,HillChris,admin,Chris,Hill,ChrisHill@g.clemson.edu
1000103,ChrisWillis,WillisChris,student,Chris,Willis,ChrisWillis@g.clemson.edu
1000104,GeorgeDoofenshmirtz,DoofenshmirtzGeorge,manager,George,Doofenshmirtz,GeorgeDoofenshmirtz@g.clemson.edu
1000105,ChrisDoofenshmirtz,DoofenshmirtzChris,manager,Chris,Doofenshmirtz,ChrisDoofenshmirtz@g.clemson.edu
1000106,RachelVasquez,VasquezRachel,student,Rachel,Vasquez,RachelVasquez@g.clemson.edu
1000107,BobAdams,AdamsBob,student,Bob,Adams,BobAdams@g.clemson.edu
1000108,CarolineAdams,AdamsCaroline,student,Caroline,Adams,CarolineAdams@g.clemson.edu
1000109,GeorgeSmith,SmithGeorge,student,George,Smith,GeorgeSmith@g.clemson.edu
1000110,BobVasquez,VasquezBob,student,Bob,Vasquez,BobVasquez@g.clemson.edu
1000111,BillWillis,WillisBill,manager,Bill,Willis,BillWillis@g.clemson.edu
1000112,RachelDoofenshmirtz,DoofenshmirtzRachel,student,Rachel,Doofenshmirtz,RachelDoofenshmirtz@g.clemson.edu
1000113,CarolineDoofenshmirtz,DoofenshmirtzCaroline,admin,Caroline,Doofenshmirtz,CarolineDoofenshmirtz@g.clemson.edu
1000114,GeorgeAdams,AdamsGeorge,student,George,Adams,GeorgeAdams@g.clemson.edu
1000115,JenniferVasquez,VasquezJennifer,manager,Jennifer,Vasquez,JenniferVasquez@g.clemson.edu
1000116,JillAdams,AdamsJill,manager,Jill,Adams,JillAdams@g.clemson.edu
1000117,TomHill,HillTom,admin,Tom,Hill,TomHill@g.clemson.edu
1000118,RachelDoofenshmirtz,DoofenshmirtzRachel,student,Rachel,Doofenshmirtz,RachelDoofenshmirtz@g.clemson.edu
1000119,JenniferGreen,GreenJennifer,student,Jennifer,Green,JenniferGreen@g.clemson.edu
1000120,BobAdams,AdamsBob,student,Bob,Adams,BobAdams@g.clemson.edu
1000121,JenniferDoofenshmirtz,DoofenshmirtzJennifer,admin,Jennifer,Doofenshmirtz,JenniferDoofenshmirtz@g.clemson.edu
1000122,BillDoofenshmirtz,DoofenshmirtzBill,student,Bill,Doofenshmirtz,BillDoofenshmirtz@g.clemson.edu
1000123,BillVasquez,VasquezBill,student,Bill,Vasquez,BillVasquez@g.clemson.edu
1000124,TomAdams,AdamsTom,manager,Tom,Adams,TomAdams@g.clemson.edu
1000125,BillVasquez,VasquezBill,admin,Bill,Vasquez,BillVasquez@g.clemson.edu
1000126,RachelGreen,GreenRachel,student,Rachel,Green,RachelGreen@g.clemson.edu
1000127,GinaHill,HillGina,manager,Gina,Hill,GinaHill@g.clemson.edu
1000128,RachelWillis,WillisRachel,student,Rachel,Willis,RachelWillis@g.clemson.edu
1000129,GinaWillis,WillisGina,student,Gina,Willis,GinaWillis@g.clemson.edu
1000130,ChrisSmith,SmithChris,student,Chris,Smith,ChrisSmith@g.clemson.edu
1000131,JillVasquez,VasquezJill,student,Jill,Vasquez,JillVasquez@g.clemson.edu
1000132,CarolineDoofenshmirtz,DoofenshmirtzCaroline,manager,Caroline,Doofenshmirtz,CarolineDoofenshmirtz@g.clemson.edu
1000133,GeorgeAdams,AdamsGeorge,student,George,Adams,GeorgeAdams@g.clemson.edu
1000134,GeorgeDoofenshmirtz,DoofenshmirtzGeorge,manager,George,Doofenshmirtz,GeorgeDoofenshmirtz@g.clemson.edu
1000135,TomGreen,GreenTom,admin,Tom,Green,TomGreen@g.clemson.edu
1000136,GeorgeTodd,ToddGeorge,student,George,Todd,GeorgeTodd@g.clemson.edu
1000137,BobGreen,GreenBob,student,Bob,Green,BobGreen@g.clemson.edu
1000138,ChrisGreen,GreenChris,student,Chris,Green,ChrisGreen@g.clemson.edu
1000139,JenniferAdams,AdamsJennifer,manager,Jennifer,Adams,JenniferAdams@g.clemson.edu
1000140,RachelHill,HillRachel,manager,Rachel,Hill,RachelHill@g.clemson.edu
1000141,CarolineTodd,ToddCaroline,student,Caroline,Todd,CarolineTodd@g.clemson.edu
1000142,JenniferHill,HillJennifer,student,Jennifer,Hill,JenniferHill@g.clemson.edu
1000143,BillDoofenshmirtz,DoofenshmirtzBill,manager,Bill,Doofenshmirtz,BillDoofenshmirtz@g.clemson.edu
1000144,JenniferHill,HillJennifer,manager,Jennifer,Hill,JenniferHill@g.clemson.edu
1000145,TomAdams,AdamsTom,student,Tom,Adams,TomAdams@g.clemson.edu
1000146,JillVasquez,VasquezJill,admin,Jill,Vasquez,JillVasquez@g.clemson.edu
1000147,BobWillis,WillisBob,manager,Bob,Willis,BobWillis@g.clemson.edu
1000148,GeorgeHill,HillGeorge,student,George,Hill,GeorgeHill@g.clemson.edu
1000149,ChrisAdams,AdamsChris,student,Chris,Adams,ChrisAdams@g.clemson.edu
